{
  "manifest_version": 2,
  "name": "DayOS Extension",
  "version": "1.1",
  "description": "Save current page to DayOS.",
  "icons": {
    "16": "icons/icon-16.png",
    "32": "icons/icon-32.png",
    "48": "icons/icon-48.png",
    "128": "icons/icon-128.png"
  },
  "permissions": [
    "activeTab",
    "storage",
    "http://*/*",
    "https://*/*"
  ],
  "browser_action": {
    "default_icon": "icons/icon-48.png",
    "default_popup": "popup.html",
    "default_title": "Add to Read-Later"
  },
  "background": {
    "scripts": [
      "background.js"
    ]
  },
  "browser_specific_settings": {
    "gecko": {
      "id": "dayos-extension@dayos.app",
      "strict_min_version": "142.0",
      "data_collection_permissions": {
        "required": [
          "none"
        ],
        "optional": []
      }
    }
  }
}